{"_step":45,"_timestamp":1.747125901611574e+09,"train/loss":1.7239,"train/epoch":0.9813333333333333,"train/global_step":460,"_wandb":{"runtime":8},"_runtime":7.466025,"train/grad_norm":1.4617294073104858,"train/learning_rate":4.9038461538461536e-05}