{"train/global_step":460,"_runtime":6.893833,"_step":45,"train/epoch":0.9813333333333333,"_timestamp":1.747126068974478e+09,"train/grad_norm":1.4617294073104858,"train/learning_rate":4.9038461538461536e-05,"train/loss":1.7239,"_wandb":{"runtime":9}}