{"train/epoch":0.9813333333333333,"train/learning_rate":4.9038461538461536e-05,"train/global_step":460,"_runtime":6.967832,"_timestamp":1.747126010842464e+09,"train/loss":1.7239,"_wandb":{"runtime":8},"_step":45,"train/grad_norm":1.4617294073104858}