{"train/learning_rate":1.1870845204178539e-08,"train/global_step":4680,"eval/accuracy":0.9119,"_wandb":{"runtime":82},"train/epoch":9.9792,"eval/precision":0.9109259537484491,"eval/samples_per_second":5292.612,"train/grad_norm":0.7433172464370728,"eval/f1_score":0.9106475094908915,"_step":478,"train_steps_per_second":57.34,"train_loss":0.6562897853871696,"eval/runtime":1.8894,"eval/steps_per_second":165.659,"_timestamp":1.7471265236060212e+09,"total_flos":0,"train_runtime":81.6191,"_runtime":82.557337,"eval/recall":0.910738207291911,"eval/loss":0.3210464119911194,"train_samples_per_second":7351.219,"train/loss":0.3525}